Thoughest,Olympics
Archery,Archery
Badminton,Badminton
Baseball/Softball,Baseball
Basketball,Basketball
Bobsledding/Luge,Bobsleigh
Boxing,Boxing
Canoe/Kayak,Canoe / Kayak F
Curling,Curling
Cycling: Distance,Cycling Road
Cycling: Sprints,Cycling Track
Diving,Diving
Fencing,Fencing
Field Hockey,Hockey
Figure Skating,Figure skating
Golf,Golf
Gymnastics,Gymnastics Artistic
Ice Hockey,Ice Hockey
Lacrosse,Lacrosse
Martial Arts,Judo
Rowing,Rowing
Rugby,Rugby
Shooting,Shooting
Ski Jumping,Ski Jumping
Skiing: Alpine,Alpine Skiing 
Skiing: Freestyle,Freestyle Skiing
Skiing: Nordic,Cross Country Skiing
Soccer,Football
Speed Skating,Short Track Speed Skating
Swimming (all strokes): Distance,Swimming
Swimming (all strokes): Sprints,Swimming
Table Tennis,Table Tennis
Team Handball,Handball
Tennis,Tennis
Volleyball,Volleyball
Water Polo,Water Polo 
Weight-Lifting,Weightlifting 
Wrestling,Wrestling Free.
